Mutant,B2_1,B2_2,B3_1,B3_2,E2_DMS,E3_DMS
Unmutated,0,0,0,0,0,0
V244W,1.5625,3.33984375,-2.8409091,-22.955975,0.09,-0.29
L305W,-1.9290123,-0.5273437,-36.174242,-46.907757,-0.08,-0.14
Q492L,-3.587963,-1.328125,140.909091,101.048218,-0.21,1.26
V507I,-1.5817901,3.06640625,41.0984848,9.59119497,0.68,0.2
Q530F,-25.810185,-26.523438,-19.507576,-29.297694,-4.01,0.08
S553W,7.79320988,11.9921875,55.0505051,39.2557652,1.94,0.99
D555Y,-6.7322531,-5.9960938,-23.611111,-36.740042,-1.44,-0.61
Q559R,3.99305556,4.23828125,40.530303,1.93920335,1.2,0.29
I588V,-8.7384259,-7.3828125,-50.751263,-58.763103,-1.82,-0.3