site,mutant,B2_1,B2_2,B3_1,B3_2
244,W,1.5625,3.33984375,-5.419813416,-6.871482176
305,W,-1.9290123,-0.5273437,-37.84984451,-34.38086304
492,L,-3.587963,-1.328125,146.1128387,155.8630394
507,I,-1.5817901,3.06640625,44.75788538,35.90525328
530,F,-25.810185,-26.523438,-24.85561972,-20.33302064
553,W,7.79320988,11.9921875,56.35273212,80.88649156
555,Y,-6.7322531,-5.9960938,-20.74633496,-21.99812383
559,R,3.99305556,4.23828125,42.53665038,23.0065666
588,V,-8.7384259,-7.3828125,-45.33540649,-53.93996248