antibody,mutation,measured IC50,measured IC90
EFNB2-monomeric,H333Q,0.09235529,0.506719116
EFNB2-monomeric,Q492R,0.527823473,2.0381362
EFNB2-monomeric,V507I,0.036940257,0.229801192
EFNB2-monomeric,Q530F,1.077382751,5.895299686
EFNB2-monomeric,S553W,0.020630113,0.100615542
EFNB2-monomeric,D555K,1.799782947,5.528406841
EFNB2-monomeric,WT,0.05743931,0.402529879
EFNB3-dimeric,H333Q,0.088480335,0.36666435
EFNB3-dimeric,Q492R,0.038991716,0.190036862
EFNB3-dimeric,V507I,0.078610404,0.207413499
EFNB3-dimeric,Q530F,0.029808281,0.232682552
EFNB3-dimeric,S553W,0.032810343,0.177843035
EFNB3-dimeric,D555K,0.178288111,1.271605528
EFNB3-dimeric,WT,0.057482627,0.258549637